,Identifier,TOR0
0,ABUHIO,177.65
1,ABUHOU,179.4
2,ABUHUA,179.72
3,ABUHUA,179.86
4,ACEWIP,178.87
5,ACNTCB,178.55
6,ACNTCB,177.26
7,ACUZEF,177.28
8,ACUZEF,1.19
9,ACUZEF,178.39
10,ACUZEF,0.16
11,ADDHMP,179.55
12,AEPCNQ10,175.52
13,AFECUJ,179.17
14,AFECUJ,179.6
15,AFECUJ,177.81
16,AFECUJ,179.12
17,AFECUJ,177.97
18,AFECUJ,177.73
19,AFECUJ01,178.49
20,AFECUJ01,178.09
21,AFESIO,171.16
22,AFILUY,175.13
23,AFINIO,167.79
24,AFUDEL,178.62
25,AFUDEL01,177.69
26,AFUDEL02,177.69
27,AFUDEL03,177.69
28,AFUDEL04,177.69
29,AFUDEL05,177.69
30,AFUDEL06,177.69
31,AFUDEL07,177.69
32,AFUDEL08,177.69
33,AFUDEL09,177.69
34,AFUDEL10,177.69
35,AFUNAS,179.78
36,AGANAZ,176.21
37,AGEYAO,176.0
38,AGEYES,174.51
39,AGEYIW,179.97
40,AGIDAX,179.77
41,AGIDOL,177.51
42,AGIDUR,177.49
43,AGOFUZ,178.29
44,AGOFUZ,178.54
45,AGOGAG,179.83
46,AGOGAG,177.97
47,AGOKEO,178.9
48,AGOKEO,176.76
49,AGONIV,177.44
50,AGONIV,176.4
51,AGUVIJ,178.61
52,AGUVIJ,179.14
53,AGUVIJ,177.07
54,AGUVOP,176.59
55,AGUVOP,178.36
56,AGUVOP,174.33
57,AGUVUV,178.1
58,AGUVUV,178.6
59,AGUVUV,178.42
60,AGUWEG,176.6
61,AGUXIL,178.68
62,AGUXOR,177.13
63,AGUXOR,178.91
64,AHUXAC,178.43
65,AJADAS,178.99
66,AJADAS,178.8
67,AJADAS,177.94
68,AJAGIB,178.84
69,AJAMIJ,177.53
70,AJAMIJ,179.12
71,AJAMIJ,177.91
72,AJAMIJ,179.99
73,AKULAU,175.32
74,ALDRIN,174.06
75,ALDRIN,172.88
76,ALEWAR,179.35
77,ALUTIM,1.94
78,ALUTIM,1.71
79,AMCLAN10,179.75
80,AMCLAN11,179.46
81,AMEBUP,177.05
82,AMEFAB,2.74
83,AMEFAB,5.07
84,AMEJUZ,5.1
85,AMEJUZ,1.77
86,ANPHXN,178.39
87,ANPHXN,177.7
88,ANUYAL,19.55
89,ANUYAL,171.16
90,APAVUJ,175.5
91,APEVEX,176.94
92,APEVEX,174.29
93,AQUSEM,179.08
94,AQUSOW,177.29
95,AQUSOW,179.7
96,AQUSUC,177.29
97,AQUSUC,178.2
98,ASAVUL,176.12
99,ASIHIV,176.34
100,ASIHIV,175.52
101,ASIHIV,178.13
102,ASIHIV,179.55
103,ASIHIV01,177.2
104,ASIHIV01,177.26
105,ASIHIV02,176.44
106,ASIHIV02,175.71
107,ASIHIV02,178.13
108,ASIHIV02,179.67
109,ASIHIV03,176.89
110,ASIHIV03,176.7
111,ASUWAN,1.57
112,ASUXUH,176.36
113,ATDSNO,174.67
114,ATDSNO,177.96
115,ATUCEZ,177.0
116,ATUCEZ,178.29
117,ATUCEZ,178.87
118,ATUCEZ,177.54
119,ATUCID,173.3
120,ATUCID,173.91
121,ATUCID,174.8
122,ATUCID,173.22
123,AVOWOZ,173.8
124,AVUSOB,172.14
125,AVUSOB,177.95
126,AVUSOB,173.93
127,AVUSOB,175.25
128,AWATEZ,178.04
129,AWUSIW,178.31
130,AWUSUI,176.59
131,AWUSUI,179.74
132,AWUSUI,179.14
133,AWUSUI,176.93
134,AWUTAP,177.21
135,AWUTAP,177.89
136,AWUTAP,175.34
137,AWUTAP,176.81
138,AWUTAP,174.28
139,AWUTAP,178.81
140,AWUTAP,179.9
141,AWUTAP,176.19
142,AWUTIX,179.7
143,AWUTIX,177.12
144,AWUTIX,178.19
145,AWUTIX,178.37
146,AXAJUF,0.97
147,AXANUJ,178.68
148,AXAPAR,166.06
149,AXOXUH,3.11
150,AXUQUH,173.7
151,AYIDIX,177.28
152,AYIDIX,3.8
153,AYUWAT,174.76
154,AYUWAT,172.58
155,AZUBUT,179.82
156,BABCIQ,179.19
157,BABCIQ01,178.59
158,BABXUX,175.68
159,BABXUX,175.85
160,BABXUX,175.88
161,BABXUX,178.31
162,BACMAL10,178.67
163,BACMAL10,177.13
164,BACMAL11,179.22
165,BACMAL11,176.93
166,BACQOO,179.82
167,BAGHIA,174.37
168,BAGHIA,172.36
169,BAGHIA,172.34
170,BAGHIA,171.69
171,BAGHUM,174.55
172,BAGHUM,172.97
173,BAGHUM,176.4
174,BAGHUM,175.94
175,BAGJOJ,172.84
176,BAGJOJ,177.35
177,BAGLEA,175.72
178,BAGLEA,173.17
179,BAGLEA,174.96
180,BAGLEA,175.73
181,BAGLUQ,174.05
182,BAGLUQ,171.59
183,BAGMEE,173.49
184,BAHCUI,173.83
185,BAHCUI,176.12
186,BAKBAS,178.97
187,BAKBEW,179.1
188,BAKBIA,179.87
189,BAKBOG,176.61
190,BALQEM,0.35
191,BALXAO,4.5
192,BAMSOA,0.07
193,BANLUX,172.15
194,BANMEI,175.96
195,BAQPUH,0.04
196,BARLEM,175.02
197,BARLEM,178.55
198,BARLIQ,180.0
199,BARLIQ,175.31
200,BARLOW,178.3
201,BASBED,178.83
202,BATCEE,172.11
203,BATCEE,175.97
204,BATCEE,176.82
205,BATCEE,176.5
206,BATROE,0.52
207,BAVMIU,179.25
208,BAVNER,174.36
209,BAYSIG,172.04
210,BAYXEE,176.07
211,BAYXEE,175.9
212,BAYXEE10,175.81
213,BAYXEE10,175.89
214,BAZDAH,179.07
215,BAZDAH,178.33
216,BAZVAZ,2.07
217,BEBJIC,179.91
218,BEBWAG,178.88
219,BEBWAG,179.4
220,BEDTUB,175.67
221,BEFQEJ,3.11
222,BEGCOF,177.13
223,BEGGOJ,178.85
224,BEGGOJ,178.68
225,BEGNUX,176.81
226,BEGPAF,172.21
227,BEGPEJ,175.27
228,BEGPIN,176.31
229,BEGQUB,0.27
230,BEKJUW,179.91
231,BEKJUW,177.09
232,BEMKUZ,179.47
233,BEMSUH,172.57
234,BEMSUH,177.65
235,BEQBOO,173.9
236,BEQBOO,178.75
237,BEQBOO,175.92
238,BEQBOO,179.78
239,BEQBUU,176.31
240,BEQBUU,177.24
241,BEQBUU,175.54
242,BEQBUU,176.58
243,BEQCAB,174.81
244,BEQCAB,178.22
245,BEQCAB,179.95
246,BEQCAB,179.88
247,BEQUAC10,179.9
248,BEXSUS,177.14
249,BEXVEF,172.93
250,BEXVEF,170.47
251,BIDLIJ,179.75
252,BIDLIJ,174.72
253,BIDLIJ,177.28
254,BIDLIJ,176.62
255,BIDSEM,178.4
256,BIDTEN,178.76
257,BINDOS,178.95
258,BINQAQ,165.45
259,BIPJAL10,177.98
260,BIPJAL10,179.93
261,BIPJAL10,178.78
262,BIPJAL10,179.67
263,BITCUE,179.88
264,BITZUB,1.38
265,BIVHOD,171.8
266,BOLLUJ,179.45
267,BOLLUJ,1.94
268,BOPBUF,179.01
269,BOPBUF,176.19
270,BOQHOE,180.0
271,BOQHUK,179.85
272,BOQHUK,179.37
273,BOQHUK01,179.98
274,BOQHUK01,179.43
275,BOQHUK02,179.95
276,BOQHUK02,179.18
277,BOQHUK03,179.99
278,BOQHUK03,179.31
279,BOQHUK04,179.99
280,BOQHUK04,179.32
281,BOQHUK05,179.98
282,BOQHUK05,179.34
283,BOQHUK06,179.96
284,BOQHUK06,179.39
285,BOQHUK07,179.95
286,BOQHUK07,179.41
287,BOQHUK08,179.98
288,BOQHUK08,179.42
289,BORZOX,175.01
290,BSFULC,172.01
291,BSFULC,174.88
292,BSFULC,167.55
293,BSFULC,172.38
294,BUCJIS,177.18
295,BUCJIS,177.26
296,BUCJUE,179.0
297,BUDORH,154.24
298,BUDORH,146.55
299,BUDORH,152.24
300,BUDORH,150.12
301,BUFCIP,1.57
302,BUFMEW,177.43
303,BUFMEW,0.34
304,BUFMIA,1.36
305,BUFMIA,179.68
306,BUMDIW,171.75
307,BUMDIW,3.37
308,BUMJEY,177.77
309,BUMJEY,179.25
310,BUMJEY,179.69
311,BUMJEY,172.75
312,BUMJEY,178.41
313,BUMJEY,178.18
314,BUMJEY,176.25
315,BUMJEY,173.87
316,BUMTEI,179.0
317,BUMTEI,176.16
318,BUMTEI,178.72
319,BUMTEI,175.15
320,BURVEP,177.47
321,BURVEP,1.0
322,BUTPUB,177.6
323,BUTPUB,178.56
324,BUTRAJ,179.89
325,BUTRAJ,176.66
326,BUTRAJ,179.98
327,BUTRAJ,171.02
328,BUTREN,177.92
329,BUTREN,178.27
330,BUVCOK,176.47
331,BUWXIA,1.86
332,BUWXIA01,2.07
333,BZPCBQ,179.06
334,BZPCBQ,179.32
335,BZQDCL10,179.21
336,BZQDCL11,179.16
337,BZQDCL12,179.15
338,BZQDCL13,179.15
339,CABTII,172.79
340,CABTII,173.78
341,CACTFE,5.32
342,CACTFE,5.35
343,CACWIN,176.68
344,CACWIN,179.81
345,CACWIN,178.18
346,CACWIN,177.92
347,CACWUZ,177.74
348,CACWUZ,175.82
349,CACWUZ,178.46
350,CACWUZ,178.12
351,CADPAB,179.12
352,CADPAB,177.95
353,CADPEF,177.84
354,CADPEF,179.18
355,CADTAC,178.76
356,CAFJUQ,178.18
357,CAFJUQ,179.19
358,CAFKAX,179.56
359,CAFKAX,179.22
360,CAFKAX,178.15
361,CAFWAH,179.96
362,CAFWAH,179.74
363,CAHKUS,178.13
364,CAHLIH,176.65
365,CALROX,1.82
366,CAMAND,178.44
367,CANANP,177.87
368,CANANP,177.54
369,CANANP,177.53
370,CANANP,177.07
371,CANANP01,176.64
372,CANANP01,177.09
373,CANANP01,178.43
374,CANANP01,177.85
375,CANAPQ,179.77
376,CANAPQ01,178.08
377,CANDAZ,173.97
378,CANDAZ,175.19
379,CANDAZ,175.67
380,CANDAZ,178.85
381,CANQOX,177.67
382,CANQTZ,179.31
383,CAPLAH,180.0
384,CAPLUA,173.2
385,CAPLUA,170.97
386,CAPMAH,173.43
387,CAPMAH,171.75
388,CARMAM,174.26
389,CARMAM,170.13
390,CATMOZ,179.87
391,CAVYED,179.75
392,CAVYIH,179.24
393,CAVYIH01,179.46
394,CAXKAN,179.19
395,CAXKAN,179.47
396,CAZCHO,178.86
397,CAZCHO,178.43
398,CAZCHO,177.53
399,CAZCHO,179.41
400,CBFUZO,178.36
401,CBFUZO01,179.27
402,CBFUZO02,179.41
403,CBITAZ,178.92
404,CBOXAA,176.43
405,CBOXAS,176.94
406,CBZQCR,175.06
407,CBZQCR,177.89
408,CBZQCR,178.49
409,CBZQCR,178.88
410,CBZQCR,179.86
411,CBZQCR,174.74
412,CBZQCR,180.0
413,CBZQCR,177.34
414,CBZQCR,179.41
415,CBZQCR,179.99
416,CBZQCR,178.66
417,CBZQCR,179.58
418,CDPPMM,173.52
419,CEGZET,173.31
420,CEGZET,178.62
421,CEGZET,178.39
422,CEGZET,178.58
423,CEGZET,176.97
424,CEGZET,173.77
425,CEKYEW,177.41
426,CEKYEW,179.17
427,CEQWEB,93.91
428,CEQWEB,93.91
429,CEQWEB,93.55
430,CEQWEB,93.55
431,CEQWEB,110.58
432,CEQWEB,110.58
433,CEQWEB,101.55
434,CEQWEB,101.55
435,CEQWEB,102.13
436,CEQWEB,102.13
437,CEQWEB,95.32
438,CEQWEB,95.32
439,CEQWEB,98.46
440,CEQWEB,98.46
441,CEQWEB,102.68
442,CEQWEB,102.68
443,CEQWEB,115.17
444,CEQWEB,115.17
445,CEQWEB,103.04
446,CEQWEB,103.04
447,CEQWEB,103.68
448,CEQWEB,103.68
449,CEQWEB,95.86
450,CEQWEB,95.86
451,CEQWEB,99.22
452,CEQWEB,99.22
453,CEQWEB,99.36
454,CEQWEB,99.36
455,CEQWEB,112.21
456,CEQWEB,112.21
457,CEQWEB,106.31
458,CEQWEB,106.31
459,CEQWEB,101.65
460,CEQWEB,101.65
461,CEQWEB,107.86
462,CEQWEB,107.86
463,CEQWEB,94.6
464,CEQWEB,94.6
465,CEQWEB,114.42
466,CEQWEB,114.42
467,CEQWEB,105.67
468,CEQWEB,105.67
469,CEQWEB,108.9
470,CEQWEB,108.9
471,CEQWEB,102.75
472,CEQWEB,102.75
473,CEQWEB,104.14
474,CEQWEB,104.14
475,CESZAB,173.9
476,CESZAB,173.58
477,CESZAB01,174.25
478,CESZAB01,173.34
479,CESZEF,175.15
480,CESZEF,174.25
481,CESZEF,175.22
482,CESZEF,174.15
483,CETFEN,3.37
484,CETFEN,0.84
485,CETFEN,0.67
486,CETFEN,2.08
487,CETFIR,3.85
488,CEWBAJ,5.17
489,CEWBAJ,169.6
490,CFAMPR,178.97
491,CHGALD,173.31
492,CHGALD,173.77
493,CHNAPQ,177.4
494,CHNAPQ01,179.33
495,CHPRTA,179.6
496,CICHIF,178.03
497,CICHIF,179.65
498,CICHIF,179.57
499,CICQUB,179.26
500,CIHCOM,178.41
501,CIHCOM,4.06
502,CIHZOK,178.97
503,CIKVAU,176.51
504,CIKVAU,4.2
505,CIKVAU,178.42
506,CIKVAU,5.33
507,CIPSUQ,175.89
508,CIPSUQ,178.41
509,CIPSUQ,171.21
510,CIPSUQ,174.38
511,CISGIU,178.67
512,CITYIP,176.11
513,CITYIP,173.11
514,CITYIP,178.44
515,CITYIP,172.0
516,CIZFUO,4.92
517,CIZFUO,177.53
518,CLAHMB,174.99
519,CLAHMB,179.16
520,CLAHMB01,179.98
521,CLAHMB01,177.77
522,CLAHMB02,179.98
523,CLAHMB02,177.77
524,CLANAC,179.62
525,CLANAC10,179.81
526,CLANAC11,179.51
527,CLANDH,178.24
528,CLANDH01,178.15
529,CLAQPD,178.58
530,CLAQPD,174.28
531,CLBENQ,178.89
532,CLCORT,172.0
533,CLCORT,1.75
534,CLCROT10,179.41
535,CLCYBQ,177.75
536,CLCYBQ,178.33
537,CLCYBQ02,177.33
538,CLCYBQ02,178.31
539,CLCYDA,171.85
540,CLCYDA,173.25
541,CLCYDA,172.75
542,CLCYDA,174.03
543,CLCYDB,172.47
544,CLCYDB,169.82
545,CLCYPE,1.77
546,CLCYPE,175.91
547,CLFULV,175.74
548,CLFULV,170.92
549,CLFULV,174.11
550,CLFULV,168.55
551,CLFULV01,172.1
552,CLFULV01,169.97
553,CLFULV01,170.12
554,CLFULV01,166.98
555,CLMADA10,179.42
556,CLMANO,173.45
557,CLMBQO,177.64
558,CLMEDN,176.8
559,CLMEDN,168.98
560,CLMEDN,178.72
561,CLMEDN,171.98
562,CLMOCT,179.97
563,CLNOAN,179.75
564,CLNOAN,179.99
565,CLOARH,144.88
566,CLOARH,153.45
567,CLOARH,147.71
568,CLOARH,151.76
569,CLOFUL10,178.57
570,CLOFUL10,179.73
571,CLOFUL10,178.52
572,CLOFUL10,179.87
573,CLPYTZ,177.23
574,CLPYTZ,0.58
575,CLPYTZ,178.1
576,CLPYTZ,175.79
577,CLTROP10,179.6
578,CMABZQ10,178.46
579,CMANPQ,178.19
580,CMANPQ,1.91
581,CMHXPO,175.48
582,CMPYTO,177.13
583,CMTCDD10,177.55
584,CMTCDD10,178.38
585,CMYCZA,0.17
586,CMYCZA,7.22
587,CMYCZA,176.82
588,CNQNPO,177.58
589,CNQNPO,178.77
590,COBCIH,178.84
591,COBCIH,173.25
592,COBCIH,174.34
593,COBCIH,172.96
594,COBCIH,175.59
595,COBCIH,177.27
596,COBCIH,177.63
597,COBCIH,175.77
598,COBCIH,175.12
599,COBCIH,171.54
600,COBCIH,174.74
601,COBCIH,178.8
602,COBCIH,177.05
603,COBCIH,176.84
604,COBCIH,173.99
605,COBCIH,172.21
606,COBCIH,176.17
607,COBCIH,178.49
608,COBCUR,176.38
609,COBCUR,177.04
610,COBCUR,172.87
611,COBCUR,173.3
612,COCGIM,3.57
613,COCGIM,1.09
614,COCGIM,5.82
615,COCTCD,175.54
616,COCTCD,173.68
617,COFPAO10,178.88
618,COFPAO10,178.24
619,COFPAO10,169.39
620,COFPAO10,171.47
621,COMFRN,179.97
622,COMFRN,0.16
623,COQVIN,1.97
624,CORCUH,174.91
625,CORCUH,178.1
626,CORDAO,177.27
627,CORDES,173.87
628,CORDES,4.48
629,COROXN,0.0
630,CORPIJ,179.6
631,COSPUW,1.69
632,COSPUW,177.52
633,COSTON,1.14
634,COSTON,171.82
635,COTKAX,170.61
636,COTTIP,177.59
637,COTVAJ,176.37
638,COTVAJ,178.39
639,COVDEY,177.51
640,COVDEY,179.67
641,COXDHN,177.99
642,COXDHN,178.03
643,COXDHN01,180.0
644,COXDHN01,180.0
645,COXDHN01,180.0
646,COXDHN01,180.0
647,COZNUB,176.87
648,COZNUB,171.64
649,COZPAK,179.37
650,COZPAK,179.89
651,CPACHO,2.0
652,CPACHO,177.11
653,CPPCPD10,180.0
654,CPPCPD10,180.0
655,CPPCPD10,180.0
656,CPPCPD10,180.0
657,CTCYDD,173.36
658,CTCYDD,174.13
659,CTPHPT,174.1
660,CTPHPT,179.9
661,CUCLUH,173.63
662,CUCLUH,0.12
663,CUCLUH,176.81
664,CUCLUH,2.25
665,CUDYUV,176.95
666,CUDYUV,178.63
667,CUFKOD,1.3
668,CUFKOD,175.85
669,CUFLUK,177.78
670,CUFLUK,179.62
671,CUFLUK,178.54
672,CUFLUK,179.88
673,CUGGOA,176.03
674,CUGLAS,175.43
675,CUGLAS,175.05
676,CUGLAS,177.97
677,CUGLAS,174.48
678,CUHXOS,178.88
679,CUHXOS,177.82
680,CUHXOS,178.94
681,CUHXOS,177.2
682,CUJVUZ,0.08
683,CUJWAG,3.45
684,CUNZEQ,152.46
685,CUNZEQ,148.32
686,CUTRUG,178.38
687,CUWSAO,179.41
688,CUWSAO,171.61
689,CYPROT10,178.8
690,CYTMNQ,177.32
691,CYTMNQ,177.42
692,DAHLED,178.87
693,DAHLED,171.9
694,DAHLED,171.62
695,DAHLED,178.79
696,DAJBOF,171.4
697,DAJBOF,176.09
698,DAJBOF,175.92
699,DAJBOF,179.12
700,DAJVEQ,179.25
701,DAJVEQ,177.49
702,DAJVEQ,0.12
703,DAJVEQ,0.5
704,DAKXIX,178.56
705,DAKXIX,179.08
706,DAMSIU,179.42
707,DAQMUD,175.34
708,DAQMUD,179.96
709,DAQNAK,178.28
710,DARWOJ,174.91
711,DATWIF,177.36
712,DATWIF,176.78
713,DAXDOD,172.33
714,DAYWUY,179.49
715,DAYXAF,179.42
716,DAYXEJ,179.04
717,DAYXIN,179.56
718,DAYXOT,179.44
719,DAYXUZ,179.72
720,DAYYAG,179.68
721,DAYYEK,178.46
722,DAZPID,178.39
723,DAZPID,1.32
724,DCBFRO03,179.85
725,DCBFRO03,179.96
726,DCBFRO04,179.82
727,DCBFRO04,179.97
728,DCBUDO,179.53
729,DCBUDO,179.62
730,DCDHNQ,178.87
731,DCDHNQ,179.94
732,DCDHNQ01,178.36
733,DCDHNQ01,176.71
734,DCFUMN,0.48
735,DCLBQN,179.85
736,DCLBQN,177.69
737,DCLBQN01,179.25
738,DCLBQN01,178.01
739,DCLBQN02,178.76
740,DCLBQN02,177.78
741,DCLBQN02,179.07
742,DCLBQN02,179.62
743,DCLBQN03,179.27
744,DCLBQN03,178.37
745,DCLBZQ20,178.18
746,DCLNAP,175.81
747,DCLNAP,177.99
748,DCLNAP,168.16
749,DCLNAP,172.41
750,DCLNAP01,179.25
751,DCLNAP01,179.29
752,DCLNAP01,179.27
753,DCLNAP01,178.94
754,DCLNAP02,179.17
755,DCLNAP02,178.43
756,DCLNAP02,179.61
757,DCLNAP02,177.43
758,DCPYZO,179.44
759,DCPYZO,178.44
760,DCPYZO,177.78
761,DCPYZO,179.92
762,DCPYZO01,179.03
763,DCPYZO01,178.36
764,DCPYZO01,177.36
765,DCPYZO01,179.91
766,DDQCHD10,175.68
767,DDQCHD10,175.98
768,DEBVEN,178.56
769,DECANN10,179.38
770,DEFKII,176.21
771,DEFKII,175.32
772,DEFKII,177.23
773,DEFKII,173.32
774,DEFSOW,174.17
775,DEFSOW,177.85
776,DEFSOW,176.85
777,DEFSOW,174.0
778,DELNIR,0.13
779,DENQAO,179.85
780,DENQAO,179.72
781,DENQAO,177.38
782,DENQAO,179.35
783,DESDAG,179.31
784,DESDAG,178.45
785,DESDAG,178.24
786,DESDAG,177.42
787,DESDEK,178.11
788,DESDEK,179.02
789,DESDEK,179.95
790,DESDEK,178.89
791,DESDIO,177.88
792,DESDIO,178.35
793,DESDIO,179.11
794,DESDIO,178.94
795,DESDIO01,178.1
796,DESDIO01,178.33
797,DESDIO01,178.83
798,DESDIO01,178.71
799,DESKER,178.61
800,DESKER,179.68
801,DESKER01,178.25
802,DESKER01,177.93
803,DEVSIH,178.84
804,DEXVUX,179.56
805,DEXVUX,179.94
806,DEZXEL,6.42
807,DEZXIP,15.19
808,DEZXIP,11.74
809,DIDQUD,180.0
810,DIDRAK,179.99
811,DIELDR,171.67
812,DIELDR,166.23
813,DIELDR,168.29
814,DIELDR,166.3
815,DIELDR,177.44
816,DIELDR,175.71
817,DIENPH,175.48
818,DIENPH,3.38
819,DIFLUB,7.23
820,DIGSUJ,5.06
821,DIGSUJ,3.29
822,DIHPIV,175.71
823,DIQKET,170.97
824,DIQKET,171.94
825,DIQKET,172.53
826,DIQKET,172.59
827,DISWAF,177.87
828,DISWAF,177.69
829,DISWIN,179.52
830,DISWIN,178.26
831,DISXEK,177.91
832,DISXEK,175.76
833,DISXIO,179.26
834,DISXIO,179.8
835,DIYMUV,93.58
836,DIYMUV,93.58
837,DIYMUV,100.2
838,DIYMUV,103.57
839,DIYMUV,103.57
840,DIYMUV,105.53
841,DIYMUV,99.09
842,DIYMUV,116.03
843,DIYMUV,116.03
844,DIYMUV,93.94
845,DIYMUV,93.94
846,DIYMUV,96.24
847,DIYMUV,107.17
848,DIYMUV,107.17
849,DIYMUV,87.5
850,DIYMUV,87.5
851,DIYNAC,97.2
852,DIYNAC,97.2
853,DIYNAC,94.28
854,DIYNAC,94.28
855,DIYNAC,107.32
856,DIYNAC,107.32
857,DIYNAC,87.07
858,DIYNAC,87.07
859,DIYNEG,99.09
860,DIYNEG,99.09
861,DIYNEG,92.34
862,DIYNEG,92.34
863,DIYNEG,118.54
864,DIYNEG,118.54
865,DIYNEG,84.17
866,DIYNEG,84.17
867,DIYNEG,91.43
868,DIYNEG,91.43
869,DIYNEG,92.78
870,DIYNEG,92.78
871,DIYNEG,93.42
872,DIYNEG,93.42
873,DIYNEG,75.17
874,DIYNEG,75.17
875,DIYNEG,111.22
876,DIYNEG,111.22
877,DIYNEG,91.58
878,DIYNEG,91.58
879,DIYNEG,72.97
880,DIYNEG,72.97
881,DIYNEG,110.38
882,DIYNEG,110.38
883,DOBHEH,174.04
884,DOBHEH,4.68
885,DOBHEH,171.97
886,DOBHEH,5.4
887,DOCGAF,175.09
888,DOCGAF,176.78
889,DOJKIY,179.69
890,DOJKIY,178.84
891,DOJZUZ,179.99
892,DOJZUZ,176.75
893,DOJZUZ,176.43
894,DOKQUQ,171.0
895,DOPZAL,174.42
896,DOVMIK,178.63
897,DOVMIK,174.93
898,DOVMIK,176.54
899,DOVMIK,179.17
900,DOVMUW,177.22
901,DOVMUW,177.42
902,DOVPIN,179.27
903,DOVPIN,179.2
904,DOVVUG,179.46
905,DOVVUG,176.15
906,DOVWIV,176.06
907,DOVWIV,178.72
908,DUCVOM,0.28
909,DUDQUQ,177.34
910,DUDQUQ,178.34
911,DUJBOA,180.0
912,DUJBOA,180.0
913,DUJCER,178.15
914,DUJCER,179.5
915,DUJRAC,1.71
916,DULJID10,175.32
917,DULJID10,173.01
918,DUMQOT,179.72
919,DUMQOT,169.83
920,DUNXEQ,179.41
921,DUNXEQ,178.14
922,DURZIA,177.9
923,DURZIA,176.19
924,DUTBOK,177.84
925,DUZSIA,175.08
926,DUZSIA,178.0
927,DUZSOG,177.97
928,DUZSOG,3.53
929,DUZSOG,176.07
930,DUZSOG,5.98
931,DUZSUM,176.34
932,DUZSUM,3.23
933,DUZTAT,176.42
934,DUZTAT,175.1
935,DUZTEX,172.06
936,DUZTEX,3.64
937,DUZTIB,175.18
938,DUZTIB,178.19
939,EABRUU,0.21
940,EABRUU,175.62
941,EBAWAG,178.49
942,ECAXIP,179.1
943,ECAXIP,178.63
944,ECHNYL,172.22
945,ECIBEZ,178.42
946,ECMALA,178.47
947,ECUBAH,175.42
948,ECUBAH,179.25
949,ECUBAH,171.86
950,ECUBAH,178.75
951,ECUBAH,175.37
952,ECUBAH,178.22
953,ECUBAH,12.79
954,ECUBAH,20.29
955,EDEZAO,3.24
956,EDIZEW,24.51
957,EDIZEW,168.23
958,EFAVUE,167.84
959,EFEVAN,175.28
960,EFEVAN,179.58
961,EGOSID,177.31
962,EGOSID,3.97
963,EGOSOJ,174.65
964,EGOSOJ,7.07
965,EHESEP,177.57
966,EHESEP,177.92
967,EHINUG,178.56
968,EHINUG,0.38
969,EHODUB,3.33
970,EHOGEO,178.28
971,EHOGEO,3.39
972,EHOGEO,178.53
973,EHOGEO,3.6
974,EHUCAL,178.13
975,EHUCAL,176.94
976,EHUREF,174.31
977,EHUREF,175.26
978,EJOMIB,179.95
979,EJOMIB,179.1
980,EJOMIB01,179.75
981,EJOMIB01,179.57
982,EJOWOP,177.57
983,EJOWOP,179.21
984,EJOWOP01,177.66
985,EJOWOP01,179.13
986,EJOWUV,179.34
987,EKOQAW,1.08
988,EKOQAW,0.99
989,EKUQOQ,4.41
990,EKUQOQ,3.12
991,ELAGUV,177.33
992,ELAGUV,179.18
993,ELALEJ,176.61
994,ELALEJ,177.37
995,ELALEJ,177.42
996,ELALEJ,179.06
997,ELALEJ,177.71
998,ELALEJ,178.91
999,ELEDEE,178.09
1000,ELEDEE,179.35
1001,ELEDEE,179.33
1002,ELEDEE,178.71
1003,ELIBAC,178.98
1004,ELIDAG,177.61
1005,ELIDAG,178.26
1006,ELUYIV,174.31
1007,ELUYIV,168.47
1008,ELUYIV,166.82
1009,ELUYIV,177.24
1010,EMEFEH,154.74
1011,EMEFEH,31.53
1012,ENDRIN,179.64
1013,ENDRIN,179.19
1014,ENSULF,177.91
1015,ENSULF01,179.36
1016,ENSULF01,178.85
1017,ENSULF02,178.52
1018,ENSULF03,175.37
1019,ENSULF03,175.19
1020,ENSULF03,174.54
1021,ENSULF03,174.75
1022,EPUSIT,179.75
1023,EPXEPT,8.22
1024,EQOLAX,4.34
1025,EQOQUY,179.74
1026,EQOQUY,178.38
1027,EQOQUY,9.9
1028,EQOQUY,4.22
1029,EQOQUY,179.71
1030,EQOQUY,178.13
1031,EQUTIU,176.46
1032,ERAQET,174.53
1033,ERAQET,178.0
1034,ERERIC,178.74
1035,ERERIC,175.11
1036,ERERIC,173.9
1037,ERERIC,176.95
1038,ERUBID,179.88
1039,ESODOF,3.27
1040,ESODOH,178.23
1041,ESODOH,177.39
1042,ESODOH,179.39
1043,ESODOH,178.52
1044,ESODUN,178.4
1045,ESODUN,178.91
1046,ESODUN,179.86
1047,ESODUN,179.98
1048,ESUGEG,178.11
1049,ESUGEG,174.29
1050,ESUGEG,177.81
1051,ESUGEG,178.44
1052,ESUGEG,176.94
1053,ESUGEG,177.58
1054,ESUGIK,178.18
1055,ESUGIK,179.27
1056,ESUGIK,178.28
1057,ESUGIK,177.36
1058,ESUGIK,177.72
1059,ESUGIK,176.13
1060,ESUGIK,177.51
1061,ESUGIK,172.13
1062,ESUGUW,172.5
1063,ESUGUW,179.9
1064,ETUBEC,1.41
1065,ETUBIG,2.58
1066,ETUWEX,172.9
1067,ETUWIB,178.68
1068,EVAKAP,177.02
1069,EVAKOD,178.11
1070,EVAKUJ,172.76
1071,EVEDIT,172.92
1072,EVEDIT,173.91
1073,EVOPUB,7.5
1074,EVOPUB,173.85
1075,EVUFIL,178.82
1076,EVUFIL,179.26
1077,EVUFIL01,179.42
1078,EVUFIL01,179.79
1079,EVUFIL02,179.14
1080,EVUFIL02,179.26
1081,EVUGAE,179.63
1082,EVUGAE,178.72
1083,EWOWUI,178.6
1084,EWOWUI,178.27
1085,EXIBAO,0.79
1086,EXOGII,178.21
1087,EXOGII,178.34
1088,EXOGUU,178.45
1089,EXOGUU,179.08
1090,EXOGUU01,178.34
1091,EXOGUU01,178.89
1092,EXOGUU02,179.03
1093,EXOGUU02,179.58
1094,EXOGUU02,179.72
1095,EXOGUU02,178.6
1096,EXOGUU02,178.44
1097,EXOGUU02,179.6
1098,EXOGUU02,178.81
1099,EXOGUU02,178.16
1100,EXOGUU02,179.85
1101,EXOGUU02,178.78
1102,EXOGUU02,178.16
1103,EXOGUU02,177.49
1104,EXOGUU03,178.57
1105,EXOGUU03,178.87
1106,EZEZEQ,179.69
1107,EZITUC,1.48
1108,EZOYUP,177.56
1109,EZOYUP,178.8
1110,FACWEM,176.64
1111,FACWEM,176.82
1112,FACWEM,177.11
1113,FACWEM,0.94
1114,FADGOJ,179.2
1115,FAFJAZ,178.58
1116,FAGZIW,177.55
1117,FAJSAN,176.98
1118,FAPHEJ,175.23
1119,FAPHEJ,178.81
1120,FAPHEJ,176.62
1121,FAPHEJ,178.5
1122,FAPHEJ,179.99
1123,FAPHEJ,179.33
1124,FAPHIN,176.28
1125,FAPHIN,177.93
1126,FAPHIN,177.9
1127,FAPHIN,179.23
1128,FAPHIN,179.92
1129,FAPHIN,179.26
1130,FAQFAG,180.0
1131,FAQFEJ,168.73
1132,FAQFEK,177.12
1133,FAQGOU,176.31
1134,FAQGOU,7.92
1135,FAQGOU,177.33
1136,FAQGOU,178.01
1137,FAQGOU,1.43
1138,FAQGOU,178.9
1139,FAQGOU,177.61
1140,FAQGOU,4.12
1141,FAQGOU,178.44
1142,FAQGUA,179.43
1143,FAQGUA,1.24
1144,FAQGUA,179.33
1145,FAQWEA,179.51
1146,FAQWEA,178.39
1147,FAQWEA,179.66
1148,FAQWEA,179.9
1149,FARRAU,177.15
1150,FARRAU,176.79
1151,FATTEC,179.42
1152,FATTIG,178.16
1153,FATTIG,177.94
1154,FAVVEG,171.97
1155,FAVVOQ,176.99
1156,FAVWAD,179.62
1157,FAVWAD,177.08
1158,FAZVOS,177.41
1159,FAZVOS,178.6
1160,FAZWAF,179.19
1161,FAZWAF,179.87
1162,FAZWEJ,178.04
1163,FAZWEJ,179.46
1164,FAZWEJ,176.57
1165,FAZWEJ,177.75
1166,FEBSIP,0.96
1167,FEFLUA,3.06
1168,FEHREQ,176.1
1169,FEHREQ,176.51
1170,FEHWIZ,179.14
1171,FEMTEW,177.8
1172,FEMTEW,179.03
1173,FEMTEW01,177.94
1174,FEMTEW01,178.75
1175,FENREV,176.57
1176,FENREV,175.87
1177,FENREV,175.1
1178,FENREV,177.89
1179,FENREV,172.96
1180,FENREV,175.56
1181,FEQYIK,4.85
1182,FEQYIK,173.44
1183,FEQYIK,177.24
1184,FEQYIK,179.46
1185,FERHER,3.97
1186,FIBCIC,179.5
1187,FIBDEZ,179.55
1188,FIBKAC,179.53
1189,FIDBIE,166.41
1190,FIHSIA,2.34
1191,FIHSIA,3.48
1192,FIJMIU,152.32
1193,FIJMIU,3.93
1194,FILMUI,174.87
1195,FILMUI,179.12
1196,FILMUI,175.28
1197,FILMUI,179.97
1198,FIPCIS,1.2
1199,FIPCIS,0.44
1200,FIPCOY,178.45
1201,FIPCOY,174.72
1202,FISGET,4.13
1203,FISGET,1.17
1204,FISGET,176.98
1205,FISGET,179.19
1206,FISGET,174.15
1207,FITRAD,179.79
1208,FITRUV,2.36
1209,FIVRIL,176.72
1210,FIXDEV,20.87
1211,FOBLUD,0.0
1212,FOBLUD,180.0
1213,FOBLUD,0.0
1214,FOBLUD,180.0
1215,FOCLOY,1.64
1216,FOCLOY,2.87
1217,FOKDEP,2.23
1218,FOKZOV,179.67
1219,FOKZOV,174.69
1220,FORVEP,179.97
1221,FORVEP,179.14
1222,FOSDEY,170.07
1223,FOSDEY,171.82
1224,FOTPUZ,171.19
1225,FOTPUZ,169.62
1226,FOTRAH,172.86
1227,FOTRAH,172.03
1228,FOVNIN,176.14
1229,FOVNIN,177.04
1230,FOVXUL,173.71
1231,FOYBUR,179.72
1232,FOYBUR,173.53
1233,FUBWEF,177.73
1234,FUBWIK,176.38
1235,FUBXEG,175.48
1236,FUBXEG,175.17
1237,FUBXOQ,178.48
1238,FUBXOQ,178.25
1239,FUDBAI,178.48
1240,FUDBAI,175.6
1241,FUDBAI,178.93
1242,FUDBAI,178.18
1243,FUDBEM,176.41
1244,FUDBEM,175.9
1245,FUDBEM,177.13
1246,FUDBEM,178.01
1247,FUDBEM,178.21
1248,FUDBEM,177.45
1249,FUDBEM,179.94
1250,FUDBEM,177.91
1251,FUDTUT,178.04
1252,FUDTUT,177.94
1253,FULHAX,4.57
1254,FULTOV,174.2
1255,FULTUB,173.95
1256,FULTUB,172.49
1257,FULVAJ,172.1
1258,FULVAJ,172.88
1259,FULVAJ,173.46
1260,FULVAJ,173.12
1261,FUMBAQ,3.42
1262,FUMBAQ10,3.31
1263,FUMSUB,172.52
1264,FUMSUB,1.44
1265,FUPZIZ,176.67
1266,FUPZIZ,1.0
1267,FUPZOF,171.88
1268,FUPZOF,2.83
1269,FUPZOF,175.91
1270,FUPZOF,1.7
1271,FUVHOU,2.95
1272,FUVRAR,168.11
1273,FUVRAR,11.58
1274,FUWWOJ,179.59
1275,FUWWOJ,178.49
1276,FUYJUF,7.78
1277,GABBIV,179.49
1278,GABBIV,178.66
1279,GAJQEQ,178.51
1280,GAKNEL,179.27
1281,GAKNEL,179.45
1282,GAMLAK,169.54
1283,GAMLAK,179.29
1284,GAMLIS,174.91
1285,GAMLIS,178.64
1286,GAMWEZ,175.69
1287,GANFAC,173.38
1288,GANFAC,178.51
1289,GARPEW,178.13
1290,GARPEW,178.7
1291,GARQIZ,178.0
1292,GARQIZ,178.82
1293,GARQIZ,178.46
1294,GARQIZ,3.59
1295,GARQOF,179.33
1296,GARQOF,177.84
1297,GARQOF,179.93
1298,GARQOF,0.25
1299,GARQOF,176.86
1300,GARQOF,178.79
1301,GARQOF,178.33
1302,GARQOF,1.31
1303,GARQUL,179.42
1304,GARQUL,179.78
1305,GARQUL,179.19
1306,GARQUL,176.22
1307,GARQUL,179.72
1308,GARQUL,179.77
1309,GASHIU,177.64
1310,GASHIU,178.41
1311,GASHIU01,177.44
1312,GASHIU01,178.23
1313,GASHUG,177.92
1314,GASHUG,179.81
1315,GASJAO,179.02
1316,GASJES,179.08
1317,GASJES,175.86
1318,GASJIW,178.27
1319,GASJIW,177.94
1320,GASJIW,178.14
1321,GASJIW,179.49
1322,GASJIW,177.88
1323,GASJIW,177.1
1324,GASJIW,178.41
1325,GASJIW,179.88
1326,GASMUI,178.05
1327,GASMUI,178.52
1328,GASMUI,178.92
1329,GASTUP,178.87
1330,GASVAX,179.08
1331,GASVAX,179.3
1332,GATCAH,179.21
1333,GAVDAI,179.27
1334,GAVDAI,178.5
1335,GAVDAI,172.23
1336,GAVDAI,176.59
1337,GAYQEC,175.33
1338,GAYQEC,175.01
1339,GAYQIG,175.04
1340,GAYQIG,172.92
1341,GAYQOM,172.5
1342,GAYQOM,175.88
1343,GAZLAU,174.64
1344,GAZLAU,177.5
1345,GEJCIH,178.3
1346,GEJCIH,178.61
1347,GEJCIH,173.22
1348,GEJCIH,173.06
1349,GEPVUS,4.16
1350,GEPVUS,1.69
1351,GEPWAZ,1.37
1352,GEPWAZ,179.86
1353,GEPWAZ,176.25
1354,GEPWAZ,177.72
1355,GEPZOS,177.1
1356,GEPZOS,177.75
1357,GEPZUY,178.37
1358,GEPZUY,177.91
1359,GEPZUY,179.65
1360,GEQBAH,180.0
1361,GEQBAH,177.31
1362,GEQBEL,179.47
1363,GEQBEL,178.35
1364,GEQBEL,178.84
1365,GERDIQ,179.23
1366,GERDIQ,179.22
1367,GERDIQ,177.62
1368,GERDIQ,178.38
1369,GESROL,179.05
1370,GESROL,177.86
1371,GESROL,177.34
1372,GESROL,178.54
1373,GESROL10,179.04
1374,GESROL10,177.53
1375,GESROL10,177.34
1376,GESROL10,178.41
1377,GESSAY,176.72
1378,GESSAY,176.92
1379,GESWOS,178.97
1380,GESWOS,3.05
1381,GESWOS,177.6
1382,GESWOS,9.2
1383,GEVLOJ,174.01
1384,GEVLOJ,179.85
1385,GEXWUB,179.29
1386,GIBJIK,173.44
1387,GIBJIK,172.09
1388,GIKNUJ,173.61
1389,GIKNUJ,178.53
1390,GILVIH,177.08
1391,GIMDOX,0.04
1392,GIMDOX,0.13
1393,GIMMEW,176.8
1394,GIMMEW01,177.0
1395,GIMMOG,179.59
1396,GINKUK,179.77
1397,GINKUK,179.43
1398,GIPBEO,0.23
1399,GIPBEO,1.17
1400,GIPFUG,2.72
1401,GIPFUG,176.71
1402,GIQLUP,171.57
1403,GIQMAW,170.6
1404,GIVSAG,6.56
1405,GIWTUC,2.29
1406,GODJAL,178.47
1407,GODJAL,13.97
1408,GOJSOP,178.6
1409,GOJSOP,178.26
1410,GOJSOP,179.86
1411,GOJSOP,177.12
1412,GOJZAG,176.59
1413,GOJZAG,162.65
1414,GOJZAG10,176.59
1415,GOJZAG10,176.03
1416,GOKNID,174.64
1417,GOKNOJ,179.87
1418,GOKNOJ,177.75
1419,GOKNUP,172.83
1420,GOKNUP,177.6
1421,GOKNUP,178.44
1422,GOKNUP,179.01
1423,GOMBEP,174.93
1424,GOMBEP,175.62
1425,GOMBIT,178.84
1426,GOMBIT01,178.61
1427,GOMBIT02,178.51
1428,GOMBIT03,178.59
1429,GOMBIT04,178.54
1430,GOMBIT05,178.63
1431,GOMBIT06,178.58
1432,GOMBIT07,178.64
1433,GOMRUV,170.58
1434,GOMRUV,173.33
1435,GOPJAY,176.25
1436,GOPJAY,177.5
1437,GOPJAY,176.3
1438,GOPJAY,177.64
1439,GOPJAY,177.04
1440,GOPJAY,177.09
1441,GOPJEC,172.53
1442,GOPJEC,178.69
1443,GOPJEC,178.43
1444,GOPJEC,179.13
1445,GOPJEC,179.22
1446,GOPJEC,179.42
1447,GOPJIG,178.89
1448,GOPJIG,172.46
1449,GOPJIG,176.84
1450,GOPJIG,173.99
1451,GOPJIG,175.14
1452,GOPJIG,177.95
1453,GOPJIG,177.48
1454,GOPJIG,177.41
1455,GOPJIG,174.04
1456,GOPJIG,177.83
1457,GOPJIG,171.83
1458,GOPJIG,175.74
1459,GOPJIG,176.3
1460,GOPJIG,171.62
1461,GOPJIG,176.7
1462,GOPJIG,179.79
1463,GOPJIG,176.96
1464,GOPJIG,172.89
1465,GOQBET,178.41
1466,GOQBET,9.31
1467,GOQBIX,172.18
1468,GOQBIX,16.19
1469,GOQMOO,174.63
1470,GOQMOO,171.98
1471,GORDAS,171.85
1472,GORDAS,177.94
1473,GORDAS,175.82
1474,GORDAS,172.0
1475,GORDAS,179.85
1476,GORDAS,179.41
1477,GORDAS,178.91
1478,GORDAS,178.62
1479,GUCSUS,1.79
1480,GUHXAJ,8.25
1481,GUHXAJ,179.29
1482,GUJVEO,172.83
1483,GUJYIV,176.42
1484,GUJYIV,2.74
1485,GUKVOZ,173.47
1486,GUKVOZ,179.82
1487,GUKVOZ,179.73
1488,GUMCEW,179.56
1489,GUMCEW,179.9
1490,GUMCEW,179.24
1491,GUMCEW,179.91
1492,GUNFOK,178.79
1493,GUNFOK,179.41
1494,GUNFOK,171.78
1495,GUNFOK,179.33
1496,GUNGAX,178.83
1497,GUNGAX,177.25
1498,GUNGAX,179.42
1499,GUNGAX,176.53
1500,GUNGAX,179.61
1501,GUNGAX,179.8
1502,GUNGAX,178.4
1503,GUNGAX,179.44
1504,GUNGIF,177.91
1505,GUNGIF,179.23
1506,GUNGIF,179.92
1507,GUNGIF,179.89
1508,GUNGIF,179.95
1509,GUNGIF,179.72
1510,GUNGIF,178.11
1511,GUNGIF,176.62
1512,GUQZUN,174.36
1513,GURCOM,179.02
1514,HACJOK,178.76
1515,HAHMOU,178.83
1516,HAHMOU,178.97
1517,HAHMUA,179.94
1518,HAHMUA,179.53
1519,HAHRUG,179.68
1520,HAHRUG,178.31
1521,HAHSAN,177.58
1522,HANNOB,175.81
1523,HANNOB,179.54
1524,HANNOB,177.25
1525,HANNUH,178.9
1526,HANPAP,178.68
1527,HAPTEZ,0.83
1528,HAQPIA,154.29
1529,HAQPIA,26.5
1530,HATNOF,179.76
1531,HATNOF,178.19
1532,HATNOF01,169.69
1533,HATNOF01,175.13
1534,HATTOM,171.6
1535,HAVGOA,171.11
1536,HAVGOA,171.45
1537,HAVGUG,172.19
1538,HAVGUG,174.41
1539,HAWXUY,0.83
1540,HAWYAF,0.06
1541,HAXTOP,177.27
1542,HAXTUV,179.45
1543,HAXTUV,4.68
1544,HAXVAD,172.31
1545,HAXVEH,176.25
1546,HAXVEH,172.28
1547,HAXVEH,3.49
1548,HAXVIL,170.89
1549,HAXVOR,169.77
1550,HAXWIM,178.82
1551,HAXWIM,2.35
1552,HAXWOS,177.68
1553,HAXWOS,8.37
1554,HAXWUY,175.08
1555,HAXWUY,1.27
1556,HAXXAF,178.59
1557,HAXXAF,0.51
1558,HAXXEJ,176.67
1559,HAXXEJ,2.48
1560,HAYWIN,177.22
1561,HAYWIN,179.48
1562,HAYWUZ,174.7
1563,HAYWUZ,179.09
1564,HAZLAX,178.71
1565,HCEXMI,179.83
1566,HCEXMI,176.25
1567,HCHXDO,179.85
1568,HCHXDO,178.34
1569,HCHXDO,178.29
1570,HCHXDO,178.72
1571,HECKIJ,178.09
1572,HEGPEO,157.31
1573,HEPLAQ,0.04
1574,HEPLAQ,178.15
1575,HEPLEU,7.53
1576,HEPLEU,173.43
1577,HEPTCL,171.42
1578,HEPTCL,175.03
1579,HEPZAD,172.47
1580,HEPZAD,173.18
1581,HEPZAD,177.91
1582,HEPZAD,179.91
1583,HEPZAD,177.1
1584,HEPZAD,174.76
1585,HEPZAD,175.17
1586,HEPZAD,177.17
1587,HEPZAD,178.72
1588,HEPZAD,179.83
1589,HEPZAD,178.98
1590,HEPZAD,179.76
1591,HEPZAD,178.15
1592,HEPZAD,175.37
1593,HEPZAD,178.29
1594,HEPZAD,179.25
1595,HEPZAD,179.88
1596,HEPZAD,179.81
1597,HEPZAD,175.52
1598,HEPZAD,163.35
1599,HEPZAD,159.64
1600,HEPZAD,172.72
1601,HEPZAD,177.95
1602,HEPZAD,178.6
1603,HEPZEH,175.27
1604,HEPZEH,175.33
1605,HEPZEH,174.25
1606,HEPZEH,171.04
1607,HEPZEH,170.02
1608,HEPZEH,7.57
1609,HESCIR,178.89
1610,HESCIR10,178.89
1611,HESKEV,180.0
1612,HESKIZ,179.74
1613,HEWJEZ,172.18
1614,HEWJEZ,10.08
1615,HEWJID,2.03
1616,HEWJID,177.63
1617,HEWSEH,179.25
1618,HEWSEH,179.85
1619,HEWSEH,177.33
1620,HEWSEH,179.97
1621,HEWSEH,175.95
1622,HEWSEH,176.82
1623,HEXDUJ,5.78
1624,HEXDUJ01,0.07
1625,HEXDUJ02,1.44
1626,HEXFAR,3.76
1627,HEXFAR01,1.05
1628,HEXFAR02,1.96
1629,HHCLMI,173.9
1630,HHCLMI,176.17
1631,HIBMOU,176.71
1632,HIBMOU,177.69
1633,HIBMOU,178.61
1634,HIBMOU,175.93
1635,HIFSEW,177.58
1636,HIHWUS,178.44
1637,HIHWUS,173.48
1638,HIKBAF,0.35
1639,HILQAV,1.73
1640,HIPNOJ,179.35
1641,HIPNOJ,0.28
1642,HIPNUP,179.09
1643,HIPNUP,1.53
1644,HIQXUC,1.27
1645,HIRHIA,5.94
1646,HIRYOX,2.21
1647,HITVIQ,178.64
1648,HITVIQ,1.82
1649,HIVKAA,174.16
1650,HIVKEE,173.45
1651,HIVKII,177.36
1652,HIVKOO,178.91
1653,HOBJUD,169.83
1654,HOBZEF,178.93
1655,HOBZEF,179.89
1656,HOBZIJ,177.34
1657,HOBZIJ,179.15
1658,HOCBEI,179.23
1659,HOCBIM,179.78
1660,HOCBIM,176.61
1661,HOCLUH,178.51
1662,HOCLUH,2.26
1663,HOCVOL,0.03
1664,HOCVOL,175.45
1665,HOCVUR,3.18
1666,HOCVUR,173.64
1667,HOFYUX,179.65
1668,HOFYUX,3.23
1669,HOFZAE,176.92
1670,HOGDUD,178.33
1671,HOGYOT,1.88
1672,HOGYOT,2.75
1673,HOJGUJ,3.01
1674,HOKLIC,176.98
1675,HOKLIC,177.15
1676,HOKLIC,171.95
1677,HOKLIC,178.34
1678,HOKLIC,174.1
1679,HOKLIC,170.62
1680,HOKLIC,170.94
1681,HOKLIC,171.73
1682,HOKLOI,174.44
1683,HOKLOI,171.21
1684,HOKLOI,167.56
1685,HOKLOI,171.74
1686,HOKXAG,177.21
1687,HOLPEE,179.22
1688,HOLPEE,177.57
1689,HOMRAE,178.75
1690,HOMRAE,1.39
1691,HOMZEO,179.67
1692,HONSAE,174.99
1693,HOTCEZ,170.31
1694,HOWBEA,4.15
1695,HOWBEA,11.13
1696,HOWBEA,1.86
1697,HOWBEA,0.18
1698,HOWBEA,1.81
1699,HOWBEA,0.89
1700,HOWHAE,179.59
1701,HOWHAE,178.78
1702,HOWHAE,177.02
1703,HOWHEI,177.3
1704,HOWHEI,177.34
1705,HOWHEI,178.86
1706,HOWHUY,176.14
1707,HOWHUY,177.47
1708,HOWHUY,175.72
1709,HOWHUY,178.67
1710,HOWHUY,179.41
1711,HOWHUY,175.67
1712,HOWJAG,176.47
1713,HOWJAG,178.92
1714,HOWJAG,179.57
1715,HOWJAG,176.0
1716,HOWJAG,175.97
1717,HOWJAG,175.87
1718,HOZDUW,11.78
1719,HOZDUW,3.45
1720,HOZDUW,3.46
1721,HOZMAK,179.34
1722,HQUCLA,177.84
1723,HQUCLA,175.4
1724,HUBMAU,176.5
1725,HUBMAU,177.94
1726,HUCDIU,2.43
1727,HUCDOA,0.32
1728,HUCDOA,1.88
1729,HUCKEV,178.27
1730,HUCKEV,179.29
1731,HUFVIN,0.59
1732,HUFZOX,173.27
1733,HUFZUE,178.77
1734,HUFZUE,179.28
1735,HUJQOT,174.61
1736,HUJQOT,175.44
1737,HUJQOT,175.36
1738,HUJQOT,173.05
1739,HUJQUZ,173.76
1740,HUJQUZ,171.95
1741,HUMNUZ,179.46
1742,HUMNUZ,177.48
1743,HUMPAH,179.04
1744,HUMPIP,178.31
1745,HUMPOV,177.59
1746,HUSPUI,178.15
1747,HUSPUI,178.72
1748,HUSPUI,176.67
1749,HUSPUI,178.18
1750,HUXGIR,179.35
1751,HXCFUL01,179.93
1752,HXCFUL01,178.86
1753,HXCFUL01,176.9
1754,HXCFUL01,178.33
1755,HXCFUL02,178.86
1756,HXCFUL02,176.83
1757,HXCFUL02,179.16
1758,HXCFUL02,179.73
1759,IBOBAF,171.54
1760,ICUREE,178.79
1761,ICUREE,173.45
1762,ICUROO,177.23
1763,ICUROO,177.29
1764,ICUSAB,178.53
1765,ICUSAB,176.14
1766,ICUSOP,176.27
1767,ICUSOP,177.03
1768,IDAZUJ,4.63
1769,IFESOB,175.45
1770,IFINES,7.07
1771,IFINES,176.55
1772,IFINES,179.77
1773,IFOLUK,179.46
1774,IFOLUK,177.8
1775,IFOLUK,179.24
1776,IFOLUK,179.61
1777,IFORUR,3.7
1778,IFORUR,1.64
1779,IGAFIG,0.2
1780,IGAFIG,6.78
1781,IGAKUX,178.84
1782,IGAKUX,179.86
1783,IGAKUX01,179.73
1784,IGAKUX01,179.29
1785,IGASEP,178.13
1786,IGASEP,176.12
1787,IHUSUB,179.54
1788,IHUSUB01,179.69
1789,IKAGOS,178.78
1790,IKENIV,177.1
1791,IKENIV,178.22
1792,IMEKAO,178.43
1793,IMELET,174.55
1794,IMEYAA,176.07
1795,IMEYAA,174.82
1796,IMEYAA,179.87
1797,IMEYAA,177.67
1798,IMIRUR,168.81
1799,IMUROX,179.72
1800,IMUVUH,177.18
1801,IMUWAO,179.41
1802,INOBIX,1.98
1803,INUHUV,177.25
1804,INUVIW,177.47
1805,INUVIW,174.53
1806,INUVIW,173.37
1807,INUVIW,175.47
1808,INUVIW,175.29
1809,INUVIW,176.66
1810,INUVIW,176.69
1811,INUVIW,171.77
1812,IPOJUT,179.42
1813,IPUTEU,178.41
1814,IPUTEU,173.17
1815,IQAFUB,9.87
1816,IQAFUB,176.04
1817,IQAPAR,177.0
1818,IQAPAR,178.47
1819,IQIGUL,179.84
1820,IQIMAW,179.6
1821,IRETOQ,176.82
1822,IRETOQ,176.59
1823,IRUCON,174.76
1824,IRUCON,1.13
1825,IRUFEH,179.52
1826,IRUFEH,179.33
1827,IRUFEH01,177.61
1828,IRUFEH01,179.11
1829,IRUFIL,178.82
1830,IRUFIL,179.95
1831,IRUFOR,176.6
1832,IRUFOR,179.26
1833,ISBZAN,177.48
1834,ISBZAN,178.49
1835,ISBZAN,176.45
1836,ISBZAN,178.55
1837,ISIJOK,178.19
1838,ISIJUQ,177.04
1839,ISIJUQ,177.3
1840,ISIJUQ,178.23
1841,ISIKAX,179.49
1842,ISIKAX,179.47
1843,ISIKEB,176.54
1844,ISIKEB,177.42
1845,ISIKEB,178.62
1846,ISODRN,178.57
1847,ISODRN,179.22
1848,ITAMAR,1.62
1849,ITAMAR,176.03
1850,ITUQUK,176.81
1851,ITUQUK,176.42
1852,IVISIQ,5.15
1853,IVISIQ,0.46
1854,IVUYUV,179.23
1855,IVUYUV,179.36
1856,IWEWIQ,2.08
1857,IWUTID,178.04
1858,IWUTID,176.67
1859,IWUTID,176.77
1860,IWUTID,178.31
1861,IXEXEQ,2.63
1862,IXOYAX,0.27
1863,IYESUA,179.22
1864,IYETAH,179.84
1865,IYEZET,179.68
1866,IZIHAA,177.19
1867,IZIHAA,176.99
1868,IZIROY,177.48
1869,IZIROY,8.3
1870,IZIVUK,179.33
1871,JABFOH,177.58
1872,JAPQEW,171.52
1873,JAPQEW,178.01
1874,JAPQEW,174.77
1875,JAPQIA,177.72
1876,JAPQIA,174.33
1877,JAPYAA,169.4
1878,JAPYAA,169.61
1879,JASSUR,177.38
1880,JASSUR,179.47
1881,JASSUR,179.25
1882,JASSUR,178.86
1883,JASSUR,179.88
1884,JASSUR,179.87
1885,JASTAY,178.39
1886,JASTAY,179.71
1887,JASTAY,174.35
1888,JASTAY,175.32
1889,JASTAY,178.54
1890,JASTAY,178.05
1891,JASTAY01,178.74
1892,JASTAY01,179.84
1893,JASTAY01,174.07
1894,JASTAY01,175.02
1895,JASTAY01,178.84
1896,JASTAY01,177.68
1897,JAVWUZ,179.58
1898,JAWZEP,179.5
1899,JAXMEB,178.95
1900,JAXXUC,176.37
1901,JAXXUC,176.46
1902,JAXXUC01,179.49
1903,JAXXUC01,176.19
1904,JAXXUC02,176.23
1905,JAXXUC02,176.5
1906,JAXZOY,179.69
1907,JEDBAY,2.06
1908,JEDBAY,178.43
1909,JEDBAY,2.26
1910,JEDBAY,179.28
1911,JEDCAX,178.88
1912,JEDCAX,179.97
1913,JEDCAX,178.16
1914,JEDHEF,179.34
1915,JEDHEF,179.31
1916,JEDHIJ,179.86
1917,JEDHIJ,177.92
1918,JEJVOK,176.06
1919,JEJVOK,172.85
1920,JEJVOK,172.3
1921,JEJVOK,178.46
1922,JEKBUW,179.18
1923,JEKBUW,179.52
1924,JEKCAD,178.98
1925,JEKCAD,179.5
1926,JEMXUU,170.86
1927,JEMXUU,169.64
1928,JEPZOT,171.5
1929,JEPZOT,176.37
1930,JEPZOT,174.87
1931,JEPZOT,173.62
1932,JEPZOT,138.6
1933,JEPZOT,137.85
1934,JESXIO,178.92
1935,JESXIO,179.8
1936,JESXIO,178.1
1937,JESXIO,178.96
1938,JESXOU,178.44
1939,JESXOU,177.7
1940,JESXOU,176.25
1941,JESXOU,178.4
1942,JESXUA,175.78
1943,JESXUA,178.65
1944,JESXUA,177.38
1945,JESXUA,178.36
1946,JEVBAO,179.76
1947,JEVBAO,179.56
1948,JEVBAO,179.82
1949,JEVBAO,179.37
1950,JEVBAO,178.81
1951,JEVBAO,178.77
1952,JEVBES,179.13
1953,JEVBES,177.72
1954,JEVBES,174.45
1955,JEVBES,177.7
1956,JEVBES,178.23
1957,JEVBES,176.32
1958,JEVBIW,178.95
1959,JEVBIW,177.63
1960,JEVBIW,178.55
1961,JEVBIW,179.34
1962,JEVBIW,179.82
1963,JEVBIW,178.24
1964,JEWPIK,4.02
1965,JEWPIK,4.01
1966,JEWPIK01,4.02
1967,JEWSOT,5.85
1968,JEWSOT,7.54
1969,JEWSUZ,0.46
1970,JEWSUZ,0.39
1971,JEWSUZ,1.84
1972,JEWSUZ,0.9
1973,JEWSUZ,2.12
1974,JEWSUZ,0.2
1975,JEWSUZ01,1.03
1976,JEWSUZ01,0.58
1977,JEWSUZ01,1.01
1978,JEWTAG,3.03
1979,JEWTAG,0.18
1980,JEXPOR,165.86
1981,JIGRAS,179.94
1982,JIGRAS,177.15
1983,JIGRAS,5.0
1984,JIHPOF,176.99
1985,JIHPUL,178.04
1986,JIMDUE,3.69
1987,JIMDUE,178.51
1988,JIQHAT,179.47
1989,JIQHAT,174.84
1990,JIVLOP,2.88
1991,JIVLOP,2.5
1992,JIXCAU,178.97
1993,JIXCAU01,179.38
1994,JIYFIG,179.24
1995,JIYFIG,179.54
1996,JIYFIG,179.96
1997,JIYFIG,178.43
1998,JIYRAK,178.07
1999,JIZQEQ01,177.88
2000,JOBREX,3.46
2001,JODHIV,177.08
2002,JODJIX,178.78
2003,JODVAB,176.52
2004,JOFCIR,179.88
2005,JOFCIR,178.34
2006,JOFCIR,176.79
2007,JOFCOX,178.89
2008,JOFCUD,177.11
2009,JOFCUD,179.42
2010,JOJWUA,176.24
2011,JOLQOS,177.19
2012,JOLQOS,175.01
2013,JOLSOS,176.46
2014,JOLSOS,175.33
2015,JORFEB,171.19
2016,JORFEB,172.37
2017,JORFIF,177.36
2018,JORFIF,3.79
2019,JORGEC,177.16
2020,JORGOM,176.73
2021,JORGUS,178.7
2022,JORHAZ,174.32
2023,JUGXAK,7.6
2024,JUGXEO,178.98
2025,JUGXEO,180.0
2026,JUGXEO,177.89
2027,JUGXEO,178.61
2028,JUHHEZ,178.53
2029,JUHHEZ,177.09
2030,JUHHEZ,178.0
2031,JUHHEZ,176.05
2032,JUHHEZ,175.79
2033,JUHHEZ,179.15
2034,JUHHID,175.69
2035,JUHHID,175.8
2036,JUHHID,177.69
2037,JUHHID,177.99
2038,JUHKEE,176.8
2039,JUNFUT,174.64
2040,JUNFUT,177.29
2041,JUNFUT,176.9
2042,JUNFUT,175.62
2043,JUNFUT,177.7
2044,JUNFUT,177.46
2045,JUNHUV,177.69
2046,JUNHUV,177.63
2047,JUNJAD,174.67
2048,JUNJAD,176.66
2049,JUSQOD,179.79
2050,JUSQOD,179.79
2051,JUSVEA,177.53
2052,JUSVEA,177.4
2053,JUSVIE,174.68
2054,JUSVIE,173.43
2055,JUSVIE,179.09
2056,JUSVIE,176.38
2057,JUSVOK,173.25
2058,JUSVOK,177.83
2059,JUSVOK,179.35
2060,JUSVOK,179.95
2061,JUYCIR,178.34
2062,JUYHAN,179.44
2063,JUYHAN,178.57
2064,KABJEC,179.53
2065,KABJEC,178.47
2066,KADYAP,178.61
2067,KADYAP,176.34
2068,KAGWOE,6.87
2069,KAGWOE,173.93
2070,KAGWOE10,6.87
2071,KAGWOE10,173.93
2072,KAHQAM,179.49
2073,KAHQAM,169.51
2074,KAHQAM,177.25
2075,KAHQAM,2.46
2076,KALBUW,174.53
2077,KALCAD,179.59
2078,KALCEH,178.12
2079,KALCEH,171.13
2080,KALCIL,179.56
2081,KALCOR,178.73
2082,KALYUS,177.25
2083,KALYUS,2.52
2084,KARRIE,172.04
2085,KASMAV,1.55
2086,KASMAV,177.2
2087,KAXCAO,175.9
2088,KAYRIM,178.73
2089,KAYRIM,169.47
2090,KAYRIM,179.45
2091,KAYRIM,178.04
2092,KCHLOR,177.54
2093,KCHLOR,177.85
2094,KCHLOR,179.46
2095,KCHLOR,177.81
2096,KCLNLA,177.08
2097,KCLNLA,173.95
2098,KCLNLA,178.21
2099,KCLNLA,176.7
2100,KECVET,178.79
2101,KECVET,179.25
2102,KEGMUG,3.03
2103,KEGMUG,176.72
2104,KEHTOH,176.85
2105,KEJDAE,173.77
2106,KEJDAE,175.28
2107,KEJDAE,179.68
2108,KEJDAE,179.52
2109,KEKNUK,174.28
2110,KENFIU,176.76
2111,KENFIU,177.67
2112,KEQPEC,177.78
2113,KEQPEC,179.25
2114,KESHUL,179.93
2115,KESHUL,1.0
2116,KESHUL,178.14
2117,KESHUL,2.26
2118,KEYYUK,178.53
2119,KHCMAL,178.62
2120,KHDCMT01,179.4
2121,KHDCMT01,179.57
2122,KHDCMT01,179.4
2123,KHDCMT01,179.57
2124,KHDCMT02,178.45
2125,KHDCMT02,179.31
2126,KHDCMT02,178.45
2127,KHDCMT02,179.31
2128,KHDCMT03,179.03
2129,KHDCMT03,179.65
2130,KHDCMT03,179.03
2131,KHDCMT03,179.65
2132,KHDCMT04,178.84
2133,KHDCMT04,179.47
2134,KHDCMT04,178.84
2135,KHDCMT04,179.47
2136,KICGAE,170.76
2137,KICGAE,171.74
2138,KIDBUU,178.34
2139,KIDBUU,0.3
2140,KIDCAB,175.27
2141,KIDCAB,5.36
2142,KIDCEF,179.66
2143,KIDCIJ,179.06
2144,KIDCIJ,1.26
2145,KIDCOP,172.28
2146,KIDCUV,172.86
2147,KIDDAC,177.46
2148,KIFXIH,179.12
2149,KIGFUD,180.0
2150,KIGKES,4.4
2151,KIGKES,0.16
2152,KIGKES,6.25
2153,KIJDEO,172.53
2154,KIJDIS,174.7
2155,KIJDOY,171.85
2156,KIJDUE,178.19
2157,KIJHIW,158.18
2158,KIJSIG,179.8
2159,KIJSOM,178.54
2160,KIKWAC,172.61
2161,KIKWAC,171.42
2162,KIKYEK,177.06
2163,KIKYEK,177.7
2164,KIKYEK,176.07
2165,KIKYEK,176.66
2166,KIKYEK,175.8
2167,KIKYEK,177.64
2168,KILMAV,3.3
2169,KIMSIK,179.59
2170,KIMSIK,176.62
2171,KIPCIX,176.49
2172,KIPCOD,177.29
2173,KIQJID,176.42
2174,KIQJOJ,177.12
2175,KIQJUP,177.19
2176,KIQKAW,178.92
2177,KIQKEA,178.78
2178,KIQKIE,178.9
2179,KIXWUJ,179.11
2180,KIXWUJ,179.31
2181,KIYBAW,177.62
2182,KIYBAW,173.68
2183,KOBZEG,179.53
2184,KOBZEG,178.62
2185,KODROK,179.0
2186,KOHDES,179.74
2187,KOJGAS,177.96
2188,KOJGAS,177.66
2189,KOJNUS,176.55
2190,KOJNUS,175.65
2191,KOJNUS,175.19
2192,KOJNUS,176.44
2193,KOJPAA,174.36
2194,KOJPAA,175.32
2195,KOJPAA,174.79
2196,KOJPAA,173.78
2197,KOMZER,177.66
2198,KOMZER,178.62
2199,KOMZER,179.21
2200,KOMZER,179.15
2201,KOQGEC,179.64
2202,KOQGEC,179.78
2203,KOQGIG,179.35
2204,KOQGIG,179.51
2205,KUBHIY,177.9
2206,KUFXUF,173.68
2207,KUFYAM,176.08
2208,KUFYAM,169.07
2209,KUFYAM,172.49
2210,KUFYAM,169.14
2211,KUFYEQ,171.27
2212,KUFYEQ,168.63
2213,KUFYEQ,170.98
2214,KUFYEQ,170.93
2215,KUHJII,0.03
2216,KUHJII,1.11
2217,KUJJII,179.08
2218,KUJJOO,0.33
2219,KUJTEQ,176.82
2220,KUJTEQ,177.82
2221,KUJTEQ,177.68
2222,KUJTEQ,179.34
2223,KUJTIU,179.15
2224,KUJTIU,179.99
2225,KUJTOA,179.53
2226,KUQRUK,179.52
2227,KUQRUK,179.3
2228,KUQRUK01,179.19
2229,KUQRUK01,179.89
2230,KUQRUK01,177.86
2231,KUQRUK01,180.0
2232,KUTBIL,1.11
2233,KUTBIL,179.35
2234,KUVCEJ,105.48
2235,KUXPID,179.75
2236,LABYUL,177.48
2237,LACFEB,176.69
